Tool,ConFuzzius,Conkas,Maian,Manticore,Mythril,Osiris,Oyente,Security,sFuzz,Slither,SmartCheck,solint,GPT-4o,Llama3.1
"0.25,0.25,0.25,0.25",4.365932048,2.887231692,1.862041467,3.685594617,4.464273081,1.618083004,2.215909091,1.547138047,2.184132997,5.159090909,4.310606061,6,6.863636364,5.257736944
0.7 0.1 0.1 0.1,4.419100092,3.882165404,1.508452951,3.710601483,5.276618323,2.06541502,2.304545455,1.70976431,2.510016835,4.245454545,4.06969697,4.8,7.490909091,5.594003868
0.1 0.7 0.1 0.1,1.751882461,1.15697601,0.850079745,1.483301291,1.809055536,0.712450593,2.386363636,0.841077441,0.879208754,8.063636364,3.724242424,8.4,5.472727273,2.230754352
0.1 0.1 0.7 0.1,4.746372819,2.354892677,3.744816587,4.474237847,4.785709232,1.247233202,1.486363636,1.818855219,1.473653199,3.863636364,4.724242424,5.4,5.745454545,5.103094778
0.1 0.1 0.1 0.7,6.546372819,4.154892677,1.344816587,5.074237847,5.985709232,2.447233202,2.686363636,1.818855219,3.873653199,4.463636364,4.724242424,5.4,8.745454545,8.103094778